{
  "status": "failed",
  "pid": 3202,
  "created_at": 1782064380.2326221,
  "started_at": 1782064380.612755,
  "completed_at": 1782064382.7555761,
  "exit_code": 1
}