{
  "status": "failed",
  "pid": 95818,
  "created_at": 1782063972.6176178,
  "started_at": 1782063972.923646,
  "completed_at": 1782063974.709832,
  "exit_code": 1
}