{
  "status": "failed",
  "pid": 80563,
  "created_at": 1782061229.8843021,
  "started_at": 1782061230.2721019,
  "completed_at": 1782061232.140428,
  "exit_code": 1
}