{
  "status": "failed",
  "pid": 382,
  "created_at": 1782064127.625043,
  "started_at": 1782064128.0192919,
  "completed_at": 1782064130.243218,
  "exit_code": 1
}